client_id,job_type,location,age,income,expenses,debt,seniority_months,payment_consistency,loan_amount,employment_type,mobile_payment_ratio,ledger_quality_score,outcome,outcome_label,risk_score,risk_narrative,is_fraud,timestamp
FRAUD-00024,Carpenter,Ariana,24,9887.0,2127.53,449.75,4,0.98,16311.0,informal,0.952,0.961,0,Fraud,0.0,Document forgery indicators: Invoice templates match known fake document database. Metadata shows recent creation despite claimed historical dates.,1,2026-01-24T17:23:46.804953
FRAUD-00048,Artisan,Nabeul,23,8539.0,2221.68,293.56,1,0.955,19424.0,informal,0.988,0.997,0,Fraud,0.0,Document inconsistencies detected: ID name mismatch with uploaded invoices. Sequential invoice numbers across different claimed vendors.,1,2025-11-12T17:23:46.805274
FRAUD-00056,Taxi Driver,Sfax,21,6180.0,1307.05,311.63,1,0.973,15546.0,informal,0.954,0.998,0,Fraud,0.0,Document forgery indicators: Invoice templates match known fake document database. Metadata shows recent creation despite claimed historical dates.,1,2025-10-30T17:23:46.805390
FRAUD-00062,Carpenter,Tunis,20,7988.0,2075.71,66.08,3,0.966,13289.0,informal,0.999,0.953,0,Fraud,0.0,Velocity fraud pattern: Multiple applications from different IDs with identical handwriting in ledgers. Same phone number across profiles.,1,2026-01-03T17:23:46.805473
FRAUD-00083,Artisan,Sfax,20,8020.0,2203.53,253.53,6,0.993,19733.0,informal,0.093,0.988,0,Fraud,0.0,Document forgery indicators: Invoice templates match known fake document database. Metadata shows recent creation despite claimed historical dates.,1,2025-11-28T17:23:46.805764
FRAUD-00097,Street Food Vendor,Bizerte,24,10299.0,1840.08,399.67,1,0.993,12039.0,informal,0.97,0.947,0,Fraud,0.0,Velocity fraud pattern: Multiple applications from different IDs with identical handwriting in ledgers. Same phone number across profiles.,1,2025-12-06T17:23:46.805947
FRAUD-00114,Freelance Designer,Bizerte,26,10845.0,2168.52,69.89,5,0.973,18446.0,informal,0.966,0.969,0,Fraud,0.0,Velocity fraud pattern: Multiple applications from different IDs with identical handwriting in ledgers. Same phone number across profiles.,1,2025-11-07T17:23:46.806163
FRAUD-00146,Mechanic,Ariana,22,11966.0,2359.37,464.44,5,0.957,16525.0,informal,0.978,0.986,0,Fraud,0.0,Document forgery indicators: Invoice templates match known fake document database. Metadata shows recent creation despite claimed historical dates.,1,2025-10-30T17:23:46.806585
FRAUD-00174,Mechanic,Sousse,24,10324.0,1802.75,308.04,6,0.961,16745.0,informal,0.088,0.98,0,Fraud,0.0,Document inconsistencies detected: ID name mismatch with uploaded invoices. Sequential invoice numbers across different claimed vendors.,1,2026-01-07T17:23:46.806946
FRAUD-00194,Artisan,Ben Arous,23,9891.0,1808.6,383.42,1,0.99,15856.0,informal,0.2,0.958,0,Fraud,0.0,Synthetic identity suspected: Perfect payment history with zero verifiable transaction trail. All documents uploaded within 24 hours.,1,2025-12-24T17:23:46.807201
FRAUD-00213,Street Food Vendor,Bizerte,22,6579.0,1850.52,352.32,1,0.962,15904.0,informal,0.991,0.957,0,Fraud,0.0,Document inconsistencies detected: ID name mismatch with uploaded invoices. Sequential invoice numbers across different claimed vendors.,1,2025-11-04T17:23:46.807446
FRAUD-00223,Mechanic,Sousse,21,7240.0,1313.39,64.7,5,0.988,11442.0,informal,0.971,0.959,0,Fraud,0.0,Income fabrication detected: Declared income 300% above sector average. Bank statement shows different account holder name.,1,2025-11-24T17:23:46.807575
FRAUD-00227,Market Vendor,Sfax,25,5948.0,1264.05,102.75,1,0.977,12508.0,informal,0.95,0.958,0,Fraud,0.0,Document inconsistencies detected: ID name mismatch with uploaded invoices. Sequential invoice numbers across different claimed vendors.,1,2025-11-01T17:23:46.807626
FRAUD-00234,Market Vendor,Sfax,22,10553.0,2413.71,216.42,6,0.994,11560.0,informal,0.974,0.962,0,Fraud,0.0,Document forgery indicators: Invoice templates match known fake document database. Metadata shows recent creation despite claimed historical dates.,1,2026-01-05T17:23:46.807717
FRAUD-00261,Taxi Driver,Sfax,21,6956.0,1928.18,474.36,5,0.957,19279.0,informal,0.998,0.933,0,Fraud,0.0,Document inconsistencies detected: ID name mismatch with uploaded invoices. Sequential invoice numbers across different claimed vendors.,1,2025-12-10T17:23:46.808059
FRAUD-00273,Electrician,Tunis,26,5746.0,1571.46,185.42,5,0.972,13633.0,informal,0.986,0.925,0,Fraud,0.0,Document forgery indicators: Invoice templates match known fake document database. Metadata shows recent creation despite claimed historical dates.,1,2025-11-07T17:23:46.808215
FRAUD-00285,Street Food Vendor,Ariana,19,5810.0,1473.31,224.93,2,0.991,11577.0,informal,0.968,0.958,0,Fraud,0.0,Document inconsistencies detected: ID name mismatch with uploaded invoices. Sequential invoice numbers across different claimed vendors.,1,2025-12-11T17:23:46.808376
FRAUD-00292,Private Tutor,Ariana,21,11679.0,3080.27,473.48,3,0.964,18059.0,informal,0.95,0.963,0,Fraud,0.0,Document forgery indicators: Invoice templates match known fake document database. Metadata shows recent creation despite claimed historical dates.,1,2025-12-18T17:23:46.808471
FRAUD-00302,Street Food Vendor,Ariana,21,10226.0,2309.99,160.35,1,0.981,13912.0,informal,0.998,0.949,0,Fraud,0.0,Document forgery indicators: Invoice templates match known fake document database. Metadata shows recent creation despite claimed historical dates.,1,2025-12-31T17:23:46.808594
FRAUD-00317,Delivery Driver,Sousse,19,9775.0,2794.73,26.54,3,0.959,14444.0,informal,0.95,0.943,0,Fraud,0.0,Velocity fraud pattern: Multiple applications from different IDs with identical handwriting in ledgers. Same phone number across profiles.,1,2025-11-01T17:23:46.808784
FRAUD-00336,Carpenter,Gabes,22,7864.0,1840.67,395.1,1,0.982,14168.0,informal,0.975,0.975,0,Fraud,0.0,Document inconsistencies detected: ID name mismatch with uploaded invoices. Sequential invoice numbers across different claimed vendors.,1,2026-01-24T17:23:46.809023
FRAUD-00379,Freelance Designer,Bizerte,21,11065.0,1746.81,35.43,2,0.989,11901.0,informal,0.972,0.959,0,Fraud,0.0,Synthetic identity suspected: Perfect payment history with zero verifiable transaction trail. All documents uploaded within 24 hours.,1,2025-12-02T17:23:46.809586
FRAUD-00408,Mechanic,Tunis,20,7471.0,1868.78,92.39,1,0.996,13277.0,informal,0.955,0.936,0,Fraud,0.0,Velocity fraud pattern: Multiple applications from different IDs with identical handwriting in ledgers. Same phone number across profiles.,1,2025-11-11T17:23:46.809989
FRAUD-00415,Carpenter,Tunis,24,6467.0,1341.22,330.54,2,0.965,11253.0,informal,0.975,0.97,0,Fraud,0.0,Velocity fraud pattern: Multiple applications from different IDs with identical handwriting in ledgers. Same phone number across profiles.,1,2025-12-30T17:23:46.810080
FRAUD-00438,Freelance Designer,Bizerte,26,7144.0,1323.95,42.87,2,0.968,17506.0,informal,0.994,0.975,0,Fraud,0.0,Synthetic identity suspected: Perfect payment history with zero verifiable transaction trail. All documents uploaded within 24 hours.,1,2025-10-29T17:23:46.810385
FRAUD-00452,Street Food Vendor,Sfax,26,5955.0,905.13,362.96,4,0.985,19861.0,informal,0.991,0.99,0,Fraud,0.0,Income fabrication detected: Declared income 300% above sector average. Bank statement shows different account holder name.,1,2025-10-28T17:23:46.810569
FRAUD-00454,Street Food Vendor,Nabeul,26,6360.0,1814.9,121.31,4,0.974,19588.0,informal,0.991,0.989,0,Fraud,0.0,Velocity fraud pattern: Multiple applications from different IDs with identical handwriting in ledgers. Same phone number across profiles.,1,2026-01-18T17:23:46.810593
FRAUD-00461,Taxi Driver,Sfax,20,5863.0,1026.36,354.08,2,0.996,14786.0,informal,0.152,0.933,0,Fraud,0.0,Velocity fraud pattern: Multiple applications from different IDs with identical handwriting in ledgers. Same phone number across profiles.,1,2026-01-05T17:23:46.810682
FRAUD-00465,Mechanic,Ariana,21,7291.0,2078.16,312.18,6,0.97,18919.0,informal,0.972,0.972,0,Fraud,0.0,Income fabrication detected: Declared income 300% above sector average. Bank statement shows different account holder name.,1,2025-11-02T17:23:46.810734
FRAUD-00473,Street Food Vendor,Gabes,19,9485.0,1918.79,450.14,4,0.974,17411.0,informal,0.156,0.945,0,Fraud,0.0,Document forgery indicators: Invoice templates match known fake document database. Metadata shows recent creation despite claimed historical dates.,1,2026-01-07T17:23:46.810843
FRAUD-00520,Freelance Designer,Gabes,22,5119.0,1026.71,398.46,6,0.983,11582.0,informal,0.166,0.938,0,Fraud,0.0,Income fabrication detected: Declared income 300% above sector average. Bank statement shows different account holder name.,1,2026-01-19T17:23:46.811559
FRAUD-00583,Mechanic,Gabes,24,7846.0,1921.5,132.02,3,0.954,18999.0,informal,0.995,0.976,0,Fraud,0.0,Document inconsistencies detected: ID name mismatch with uploaded invoices. Sequential invoice numbers across different claimed vendors.,1,2025-12-14T17:23:46.812358
FRAUD-00588,Freelance Designer,Sfax,20,5076.0,1490.53,101.16,5,0.987,11392.0,informal,0.978,0.947,0,Fraud,0.0,Velocity fraud pattern: Multiple applications from different IDs with identical handwriting in ledgers. Same phone number across profiles.,1,2026-01-04T17:23:46.812424
FRAUD-00603,Private Tutor,Sfax,19,11521.0,2388.5,442.6,3,0.958,11290.0,informal,0.019,0.975,0,Fraud,0.0,Synthetic identity suspected: Perfect payment history with zero verifiable transaction trail. All documents uploaded within 24 hours.,1,2025-10-29T17:23:46.812620
FRAUD-00635,Mechanic,Sfax,21,5391.0,1476.16,113.17,1,1.0,17138.0,informal,0.986,0.989,0,Fraud,0.0,Document inconsistencies detected: ID name mismatch with uploaded invoices. Sequential invoice numbers across different claimed vendors.,1,2025-11-17T17:23:46.813021
FRAUD-00636,Delivery Driver,Tunis,20,5393.0,1575.14,134.96,3,0.966,16218.0,informal,0.957,0.969,0,Fraud,0.0,Synthetic identity suspected: Perfect payment history with zero verifiable transaction trail. All documents uploaded within 24 hours.,1,2026-01-09T17:23:46.813032
FRAUD-00669,Taxi Driver,Gabes,23,11728.0,3413.93,484.06,4,0.985,12586.0,informal,0.979,0.925,0,Fraud,0.0,Document forgery indicators: Invoice templates match known fake document database. Metadata shows recent creation despite claimed historical dates.,1,2025-12-04T17:23:46.813451
FRAUD-00672,Taxi Driver,Ariana,25,11404.0,3098.52,26.07,6,0.984,17899.0,informal,0.985,0.921,0,Fraud,0.0,Income fabrication detected: Declared income 300% above sector average. Bank statement shows different account holder name.,1,2025-10-27T17:23:46.813488
FRAUD-00684,Artisan,Gabes,24,11921.0,3321.47,54.58,5,0.986,15729.0,informal,0.101,0.968,0,Fraud,0.0,Synthetic identity suspected: Perfect payment history with zero verifiable transaction trail. All documents uploaded within 24 hours.,1,2025-12-25T17:23:46.813644
FRAUD-00714,Delivery Driver,Sfax,21,9259.0,2427.92,442.75,2,0.972,10639.0,informal,0.981,0.998,0,Fraud,0.0,Document forgery indicators: Invoice templates match known fake document database. Metadata shows recent creation despite claimed historical dates.,1,2026-01-07T17:23:46.814723
FRAUD-00724,Mechanic,Ariana,23,10697.0,2734.58,431.59,6,0.953,10498.0,informal,1.0,0.966,0,Fraud,0.0,Synthetic identity suspected: Perfect payment history with zero verifiable transaction trail. All documents uploaded within 24 hours.,1,2025-11-23T17:23:46.814851
FRAUD-00746,Taxi Driver,Gabes,21,7675.0,1580.43,190.96,5,0.999,11656.0,informal,0.954,0.971,0,Fraud,0.0,Income fabrication detected: Declared income 300% above sector average. Bank statement shows different account holder name.,1,2025-12-01T17:23:46.815131
FRAUD-00784,Plumber,Gabes,19,9930.0,2896.32,435.28,2,0.977,15365.0,informal,0.186,0.996,0,Fraud,0.0,Synthetic identity suspected: Perfect payment history with zero verifiable transaction trail. All documents uploaded within 24 hours.,1,2025-12-17T17:23:46.815614
FRAUD-00850,Carpenter,Ben Arous,21,9835.0,2091.52,491.02,3,0.993,14591.0,informal,0.951,0.935,0,Fraud,0.0,Document inconsistencies detected: ID name mismatch with uploaded invoices. Sequential invoice numbers across different claimed vendors.,1,2026-01-03T17:23:46.816444
FRAUD-00875,Tailor,Ben Arous,19,11271.0,2180.33,20.07,6,0.986,11113.0,informal,0.96,0.953,0,Fraud,0.0,Velocity fraud pattern: Multiple applications from different IDs with identical handwriting in ledgers. Same phone number across profiles.,1,2026-01-24T17:23:46.816777
FRAUD-00883,Carpenter,Bizerte,25,8542.0,2345.36,328.31,2,0.999,10721.0,informal,0.994,0.966,0,Fraud,0.0,Synthetic identity suspected: Perfect payment history with zero verifiable transaction trail. All documents uploaded within 24 hours.,1,2025-11-24T17:23:46.816877
FRAUD-00892,Electrician,Nabeul,26,9025.0,2676.38,430.59,3,0.968,17759.0,informal,0.077,0.94,0,Fraud,0.0,Document forgery indicators: Invoice templates match known fake document database. Metadata shows recent creation despite claimed historical dates.,1,2025-12-01T17:23:46.816996
FRAUD-00894,Private Tutor,Ben Arous,26,7537.0,1755.32,296.71,2,0.981,12103.0,informal,0.951,0.928,0,Fraud,0.0,Document forgery indicators: Invoice templates match known fake document database. Metadata shows recent creation despite claimed historical dates.,1,2026-01-16T17:23:46.817019
FRAUD-00919,Mechanic,Gabes,21,6872.0,1123.54,39.63,1,0.981,14102.0,informal,0.973,0.964,0,Fraud,0.0,Income fabrication detected: Declared income 300% above sector average. Bank statement shows different account holder name.,1,2026-01-06T17:23:46.817328
FRAUD-00941,Freelance Designer,Nabeul,20,5481.0,1305.31,361.38,2,0.955,12446.0,informal,0.967,0.956,0,Fraud,0.0,Synthetic identity suspected: Perfect payment history with zero verifiable transaction trail. All documents uploaded within 24 hours.,1,2025-11-11T17:23:46.817637
FRAUD-00958,Taxi Driver,Ariana,20,7335.0,1460.86,181.27,2,0.997,11640.0,informal,0.963,0.968,0,Fraud,0.0,Document inconsistencies detected: ID name mismatch with uploaded invoices. Sequential invoice numbers across different claimed vendors.,1,2025-12-15T17:23:46.817895
FRAUD-00974,Delivery Driver,Gabes,25,5095.0,1465.99,446.55,1,1.0,17370.0,informal,0.019,0.971,0,Fraud,0.0,Velocity fraud pattern: Multiple applications from different IDs with identical handwriting in ledgers. Same phone number across profiles.,1,2026-01-13T17:23:46.818105
FRAUD-00987,Taxi Driver,Tunis,23,9908.0,1558.81,180.73,2,0.969,11453.0,informal,0.977,0.971,0,Fraud,0.0,Document forgery indicators: Invoice templates match known fake document database. Metadata shows recent creation despite claimed historical dates.,1,2025-12-07T17:23:46.818270
FRAUD-01027,Artisan,Sousse,21,9428.0,1617.32,43.09,2,0.961,12608.0,informal,0.994,0.948,0,Fraud,0.0,Velocity fraud pattern: Multiple applications from different IDs with identical handwriting in ledgers. Same phone number across profiles.,1,2026-01-23T17:23:46.818813
FRAUD-01050,Plumber,Gabes,25,6352.0,1683.54,393.46,5,0.985,12899.0,informal,0.974,0.973,0,Fraud,0.0,Velocity fraud pattern: Multiple applications from different IDs with identical handwriting in ledgers. Same phone number across profiles.,1,2025-12-22T17:23:46.819108
FRAUD-01059,Mechanic,Bizerte,25,7474.0,1386.0,160.37,6,0.954,19401.0,informal,0.092,0.966,0,Fraud,0.0,Document forgery indicators: Invoice templates match known fake document database. Metadata shows recent creation despite claimed historical dates.,1,2025-12-29T17:23:46.819220
FRAUD-01069,Street Food Vendor,Sousse,23,10744.0,2756.37,453.99,1,0.962,15950.0,informal,0.975,0.93,0,Fraud,0.0,Income fabrication detected: Declared income 300% above sector average. Bank statement shows different account holder name.,1,2025-12-08T17:23:46.819345
FRAUD-01073,Market Vendor,Nabeul,19,8710.0,1439.33,406.5,4,0.986,10783.0,informal,0.998,0.947,0,Fraud,0.0,Velocity fraud pattern: Multiple applications from different IDs with identical handwriting in ledgers. Same phone number across profiles.,1,2025-11-23T17:23:46.819400
FRAUD-01074,Freelance Designer,Bizerte,24,9629.0,2072.78,212.95,5,0.993,17320.0,informal,0.086,0.974,0,Fraud,0.0,Document inconsistencies detected: ID name mismatch with uploaded invoices. Sequential invoice numbers across different claimed vendors.,1,2025-12-29T17:23:46.819410
FRAUD-01150,Artisan,Bizerte,26,10697.0,3041.33,331.11,5,0.963,13568.0,informal,0.964,0.974,0,Fraud,0.0,Document inconsistencies detected: ID name mismatch with uploaded invoices. Sequential invoice numbers across different claimed vendors.,1,2025-12-27T17:23:46.820369
FRAUD-01190,Plumber,Ben Arous,26,8191.0,1526.28,27.71,2,0.953,18709.0,informal,0.99,0.972,0,Fraud,0.0,Synthetic identity suspected: Perfect payment history with zero verifiable transaction trail. All documents uploaded within 24 hours.,1,2026-01-11T17:23:46.820871
FRAUD-01207,Taxi Driver,Sousse,25,7472.0,1432.54,283.29,3,0.969,13660.0,informal,0.957,0.925,0,Fraud,0.0,Synthetic identity suspected: Perfect payment history with zero verifiable transaction trail. All documents uploaded within 24 hours.,1,2026-01-11T17:23:46.821087
FRAUD-01210,Freelance Designer,Bizerte,26,7037.0,1261.28,9.36,3,0.959,11765.0,informal,0.973,0.953,0,Fraud,0.0,Income fabrication detected: Declared income 300% above sector average. Bank statement shows different account holder name.,1,2025-11-21T17:23:46.821122
FRAUD-01300,Artisan,Ariana,20,11137.0,2055.98,309.86,5,0.955,14777.0,informal,0.954,0.923,0,Fraud,0.0,Document inconsistencies detected: ID name mismatch with uploaded invoices. Sequential invoice numbers across different claimed vendors.,1,2026-01-19T17:23:46.822256
FRAUD-01303,Tailor,Tunis,25,5168.0,789.29,226.72,2,0.99,16607.0,informal,0.119,0.98,0,Fraud,0.0,Document forgery indicators: Invoice templates match known fake document database. Metadata shows recent creation despite claimed historical dates.,1,2025-11-19T17:23:46.822297
FRAUD-01305,Taxi Driver,Nabeul,23,11513.0,2992.9,212.63,5,0.999,18972.0,informal,0.2,0.996,0,Fraud,0.0,Document inconsistencies detected: ID name mismatch with uploaded invoices. Sequential invoice numbers across different claimed vendors.,1,2026-01-18T17:23:46.822321
FRAUD-01331,Plumber,Sousse,25,8149.0,1958.77,333.19,5,0.968,16527.0,informal,0.99,0.956,0,Fraud,0.0,Income fabrication detected: Declared income 300% above sector average. Bank statement shows different account holder name.,1,2026-01-16T17:23:46.822648
FRAUD-01333,Taxi Driver,Tunis,23,11663.0,2884.45,310.0,2,0.964,11843.0,informal,0.979,0.937,0,Fraud,0.0,Velocity fraud pattern: Multiple applications from different IDs with identical handwriting in ledgers. Same phone number across profiles.,1,2025-11-16T17:23:46.822673
FRAUD-01338,Electrician,Nabeul,25,7421.0,1988.94,211.43,6,0.992,14590.0,informal,0.957,0.95,0,Fraud,0.0,Income fabrication detected: Declared income 300% above sector average. Bank statement shows different account holder name.,1,2026-01-16T17:23:46.822737
FRAUD-01352,Artisan,Tunis,24,8257.0,2175.18,162.52,3,0.953,19011.0,informal,0.14,0.99,0,Fraud,0.0,Income fabrication detected: Declared income 300% above sector average. Bank statement shows different account holder name.,1,2026-01-08T17:23:46.822913
FRAUD-01380,Private Tutor,Sousse,22,10637.0,2341.65,326.42,5,0.972,11035.0,informal,0.95,0.976,0,Fraud,0.0,Document forgery indicators: Invoice templates match known fake document database. Metadata shows recent creation despite claimed historical dates.,1,2025-12-26T17:23:46.823269
FRAUD-01417,Street Food Vendor,Tunis,25,11142.0,3273.69,461.5,2,0.989,11076.0,informal,0.985,0.945,0,Fraud,0.0,Velocity fraud pattern: Multiple applications from different IDs with identical handwriting in ledgers. Same phone number across profiles.,1,2025-12-03T17:23:46.823761
FRAUD-01430,Tailor,Nabeul,19,8180.0,1861.28,20.76,3,0.996,13874.0,informal,0.079,0.924,0,Fraud,0.0,Document inconsistencies detected: ID name mismatch with uploaded invoices. Sequential invoice numbers across different claimed vendors.,1,2025-12-08T17:23:46.823926
FRAUD-01467,Mechanic,Gabes,19,7758.0,1843.86,358.61,2,0.983,12762.0,informal,0.05,0.955,0,Fraud,0.0,Document inconsistencies detected: ID name mismatch with uploaded invoices. Sequential invoice numbers across different claimed vendors.,1,2025-12-26T17:23:46.824413
FRAUD-01479,Private Tutor,Bizerte,26,9801.0,1664.14,303.35,2,0.979,19064.0,informal,0.964,0.932,0,Fraud,0.0,Velocity fraud pattern: Multiple applications from different IDs with identical handwriting in ledgers. Same phone number across profiles.,1,2025-11-01T17:23:46.824566
FRAUD-01504,Tailor,Ariana,22,5272.0,832.55,488.4,1,0.959,15492.0,informal,0.138,0.96,0,Fraud,0.0,Velocity fraud pattern: Multiple applications from different IDs with identical handwriting in ledgers. Same phone number across profiles.,1,2025-10-30T17:23:46.824955
FRAUD-01571,Delivery Driver,Sfax,23,7748.0,1906.14,66.54,5,0.996,19820.0,informal,0.969,0.991,0,Fraud,0.0,Document forgery indicators: Invoice templates match known fake document database. Metadata shows recent creation despite claimed historical dates.,1,2025-12-20T17:23:46.825849
FRAUD-01589,Carpenter,Bizerte,24,5267.0,896.35,422.35,5,0.979,14286.0,informal,0.182,0.937,0,Fraud,0.0,Velocity fraud pattern: Multiple applications from different IDs with identical handwriting in ledgers. Same phone number across profiles.,1,2025-12-27T17:23:46.826079
FRAUD-01598,Tailor,Gabes,22,10020.0,2153.27,47.33,5,0.972,12285.0,informal,0.956,0.96,0,Fraud,0.0,Income fabrication detected: Declared income 300% above sector average. Bank statement shows different account holder name.,1,2026-01-07T17:23:46.826195
FRAUD-01605,Private Tutor,Tunis,23,9943.0,1765.33,280.59,5,0.985,17327.0,informal,0.967,0.934,0,Fraud,0.0,Synthetic identity suspected: Perfect payment history with zero verifiable transaction trail. All documents uploaded within 24 hours.,1,2026-01-18T17:23:46.826281
FRAUD-01606,Mechanic,Tunis,21,5832.0,1514.35,195.71,3,0.982,18309.0,informal,0.125,0.925,0,Fraud,0.0,Document inconsistencies detected: ID name mismatch with uploaded invoices. Sequential invoice numbers across different claimed vendors.,1,2025-11-12T17:23:46.826291
FRAUD-01618,Plumber,Gabes,21,6366.0,1337.92,420.25,4,0.991,17112.0,informal,0.959,0.932,0,Fraud,0.0,Document inconsistencies detected: ID name mismatch with uploaded invoices. Sequential invoice numbers across different claimed vendors.,1,2026-01-10T17:23:46.826446
FRAUD-01622,Street Food Vendor,Sfax,26,7109.0,1626.95,211.95,4,0.958,10970.0,informal,0.98,0.967,0,Fraud,0.0,Document inconsistencies detected: ID name mismatch with uploaded invoices. Sequential invoice numbers across different claimed vendors.,1,2025-12-25T17:23:46.826499
FRAUD-01698,Freelance Designer,Tunis,23,5482.0,1487.1,446.85,1,0.972,11635.0,informal,0.994,0.963,0,Fraud,0.0,Document forgery indicators: Invoice templates match known fake document database. Metadata shows recent creation despite claimed historical dates.,1,2025-12-09T17:23:46.827457
FRAUD-01704,Plumber,Sousse,19,6648.0,1154.66,279.43,1,0.998,14379.0,informal,0.987,0.973,0,Fraud,0.0,Document forgery indicators: Invoice templates match known fake document database. Metadata shows recent creation despite claimed historical dates.,1,2025-12-31T17:23:46.827537
FRAUD-01707,Electrician,Ben Arous,24,5683.0,1393.38,17.64,4,0.97,13346.0,informal,0.966,0.975,0,Fraud,0.0,Synthetic identity suspected: Perfect payment history with zero verifiable transaction trail. All documents uploaded within 24 hours.,1,2025-11-30T17:23:46.827577
FRAUD-01714,Freelance Designer,Sousse,25,9177.0,2084.43,242.48,5,0.986,16920.0,informal,0.082,0.975,0,Fraud,0.0,Income fabrication detected: Declared income 300% above sector average. Bank statement shows different account holder name.,1,2025-11-07T17:23:46.827693
FRAUD-01796,Plumber,Tunis,21,5594.0,1174.54,243.74,2,0.991,10464.0,informal,0.997,0.946,0,Fraud,0.0,Income fabrication detected: Declared income 300% above sector average. Bank statement shows different account holder name.,1,2025-11-17T17:23:46.828732
FRAUD-01809,Mechanic,Nabeul,24,5265.0,896.13,385.27,4,0.967,13935.0,informal,0.141,0.983,0,Fraud,0.0,Synthetic identity suspected: Perfect payment history with zero verifiable transaction trail. All documents uploaded within 24 hours.,1,2026-01-22T17:23:46.828896
FRAUD-01820,Carpenter,Gabes,26,5698.0,875.65,415.41,1,0.994,12033.0,informal,0.163,0.965,0,Fraud,0.0,Income fabrication detected: Declared income 300% above sector average. Bank statement shows different account holder name.,1,2025-12-15T17:23:46.829032
FRAUD-01836,Delivery Driver,Sfax,22,10713.0,2910.94,104.31,3,0.988,16564.0,informal,0.985,0.951,0,Fraud,0.0,Document inconsistencies detected: ID name mismatch with uploaded invoices. Sequential invoice numbers across different claimed vendors.,1,2026-01-23T17:23:46.829232
FRAUD-01847,Freelance Designer,Gabes,24,10796.0,2461.06,158.63,5,0.975,15471.0,informal,0.07,0.927,0,Fraud,0.0,Income fabrication detected: Declared income 300% above sector average. Bank statement shows different account holder name.,1,2025-11-04T17:23:46.829377
FRAUD-01856,Tailor,Sfax,19,7977.0,2255.5,384.29,5,0.956,18810.0,informal,0.142,0.944,0,Fraud,0.0,Document inconsistencies detected: ID name mismatch with uploaded invoices. Sequential invoice numbers across different claimed vendors.,1,2025-12-29T17:23:46.829495
FRAUD-01883,Artisan,Gabes,25,8163.0,1586.94,468.4,5,0.985,10071.0,informal,0.966,0.94,0,Fraud,0.0,Velocity fraud pattern: Multiple applications from different IDs with identical handwriting in ledgers. Same phone number across profiles.,1,2025-11-11T17:23:46.829834
FRAUD-01885,Freelance Designer,Tunis,22,9256.0,1635.46,474.02,4,0.978,12328.0,informal,0.085,0.978,0,Fraud,0.0,Synthetic identity suspected: Perfect payment history with zero verifiable transaction trail. All documents uploaded within 24 hours.,1,2026-01-01T17:23:46.829857
FRAUD-01900,Mechanic,Gabes,21,5268.0,854.92,236.69,5,0.995,19880.0,informal,0.984,0.958,0,Fraud,0.0,Synthetic identity suspected: Perfect payment history with zero verifiable transaction trail. All documents uploaded within 24 hours.,1,2025-11-04T17:23:46.830043
FRAUD-01901,Electrician,Bizerte,21,11128.0,2185.37,334.47,3,0.958,14225.0,informal,0.964,0.973,0,Fraud,0.0,Document inconsistencies detected: ID name mismatch with uploaded invoices. Sequential invoice numbers across different claimed vendors.,1,2025-12-19T17:23:46.830054
FRAUD-01902,Tailor,Gabes,24,11499.0,3082.14,229.29,1,0.995,13905.0,informal,0.156,1.0,0,Fraud,0.0,Income fabrication detected: Declared income 300% above sector average. Bank statement shows different account holder name.,1,2025-11-29T17:23:46.830066
FRAUD-01903,Private Tutor,Nabeul,25,11091.0,2788.38,383.41,1,0.992,18133.0,informal,0.162,0.946,0,Fraud,0.0,Document forgery indicators: Invoice templates match known fake document database. Metadata shows recent creation despite claimed historical dates.,1,2025-12-09T17:23:46.830079
FRAUD-01904,Street Food Vendor,Bizerte,19,7253.0,1384.82,251.66,5,0.953,15528.0,informal,0.987,0.996,0,Fraud,0.0,Velocity fraud pattern: Multiple applications from different IDs with identical handwriting in ledgers. Same phone number across profiles.,1,2025-11-29T17:23:46.830090
FRAUD-01905,Street Food Vendor,Ben Arous,22,9731.0,2273.9,72.68,2,0.963,15199.0,informal,0.088,0.981,0,Fraud,0.0,Document inconsistencies detected: ID name mismatch with uploaded invoices. Sequential invoice numbers across different claimed vendors.,1,2026-01-10T17:23:46.830099
FRAUD-01906,Delivery Driver,Tunis,20,11559.0,2935.38,304.84,5,0.963,18383.0,informal,0.134,0.974,0,Fraud,0.0,Document inconsistencies detected: ID name mismatch with uploaded invoices. Sequential invoice numbers across different claimed vendors.,1,2026-01-03T17:23:46.830109
FRAUD-01907,Freelance Designer,Ben Arous,19,9096.0,2273.1,346.59,6,0.973,14505.0,informal,0.17,0.976,0,Fraud,0.0,Synthetic identity suspected: Perfect payment history with zero verifiable transaction trail. All documents uploaded within 24 hours.,1,2026-01-05T17:23:46.830118
FRAUD-01908,Mechanic,Bizerte,26,10047.0,2965.58,148.25,6,0.997,15437.0,informal,0.991,0.921,0,Fraud,0.0,Document inconsistencies detected: ID name mismatch with uploaded invoices. Sequential invoice numbers across different claimed vendors.,1,2025-11-15T17:23:46.830130
FRAUD-01909,Delivery Driver,Sousse,23,10595.0,1995.12,291.94,4,0.965,12859.0,informal,0.998,0.92,0,Fraud,0.0,Velocity fraud pattern: Multiple applications from different IDs with identical handwriting in ledgers. Same phone number across profiles.,1,2025-11-15T17:23:46.830150
FRAUD-01910,Mechanic,Nabeul,21,8520.0,1378.35,172.07,4,0.967,14447.0,informal,0.029,0.924,0,Fraud,0.0,Income fabrication detected: Declared income 300% above sector average. Bank statement shows different account holder name.,1,2025-12-01T17:23:46.830169
FRAUD-01911,Private Tutor,Nabeul,24,8776.0,2554.75,379.25,3,0.964,17404.0,informal,0.193,0.961,0,Fraud,0.0,Document forgery indicators: Invoice templates match known fake document database. Metadata shows recent creation despite claimed historical dates.,1,2026-01-10T17:23:46.830180
FRAUD-01912,Plumber,Gabes,25,10662.0,2124.34,493.94,2,0.985,11048.0,informal,0.116,0.947,0,Fraud,0.0,Document forgery indicators: Invoice templates match known fake document database. Metadata shows recent creation despite claimed historical dates.,1,2025-11-19T17:23:46.830192
FRAUD-01913,Market Vendor,Sfax,23,11893.0,3527.68,203.56,3,0.974,15725.0,informal,0.953,0.939,0,Fraud,0.0,Document forgery indicators: Invoice templates match known fake document database. Metadata shows recent creation despite claimed historical dates.,1,2025-12-03T17:23:46.830202
FRAUD-01914,Private Tutor,Sousse,26,5508.0,1624.38,259.23,1,0.983,14134.0,informal,0.173,0.947,0,Fraud,0.0,Document inconsistencies detected: ID name mismatch with uploaded invoices. Sequential invoice numbers across different claimed vendors.,1,2025-12-07T17:23:46.830214
FRAUD-01915,Plumber,Sousse,22,6976.0,1305.99,33.7,4,0.998,18061.0,informal,0.982,0.934,0,Fraud,0.0,Income fabrication detected: Declared income 300% above sector average. Bank statement shows different account holder name.,1,2025-12-17T17:23:46.830224
FRAUD-01916,Tailor,Bizerte,21,11551.0,3130.0,245.77,6,0.954,10234.0,informal,0.978,0.963,0,Fraud,0.0,Document inconsistencies detected: ID name mismatch with uploaded invoices. Sequential invoice numbers across different claimed vendors.,1,2025-11-16T17:23:46.830234
FRAUD-01917,Private Tutor,Bizerte,24,7840.0,1908.16,163.05,5,0.97,17094.0,informal,0.167,0.939,0,Fraud,0.0,Document forgery indicators: Invoice templates match known fake document database. Metadata shows recent creation despite claimed historical dates.,1,2026-01-03T17:23:46.830243
FRAUD-01918,Mechanic,Sousse,25,6403.0,1839.14,417.09,4,0.979,15178.0,informal,0.97,0.993,0,Fraud,0.0,Document forgery indicators: Invoice templates match known fake document database. Metadata shows recent creation despite claimed historical dates.,1,2026-01-02T17:23:46.830253
FRAUD-01919,Artisan,Sousse,19,7347.0,1596.88,419.87,3,0.958,13608.0,informal,0.981,0.939,0,Fraud,0.0,Synthetic identity suspected: Perfect payment history with zero verifiable transaction trail. All documents uploaded within 24 hours.,1,2026-01-13T17:23:46.830262
FRAUD-01920,Freelance Designer,Sousse,23,8126.0,1856.33,272.57,2,0.989,17873.0,informal,0.997,0.994,0,Fraud,0.0,Income fabrication detected: Declared income 300% above sector average. Bank statement shows different account holder name.,1,2026-01-01T17:23:46.830271
FRAUD-01921,Plumber,Nabeul,26,6992.0,1205.64,484.97,4,0.978,17170.0,informal,0.191,0.986,0,Fraud,0.0,Document forgery indicators: Invoice templates match known fake document database. Metadata shows recent creation despite claimed historical dates.,1,2025-10-31T17:23:46.830281
FRAUD-01922,Freelance Designer,Gabes,24,11662.0,3271.34,96.44,4,0.962,12842.0,informal,0.993,0.991,0,Fraud,0.0,Document inconsistencies detected: ID name mismatch with uploaded invoices. Sequential invoice numbers across different claimed vendors.,1,2025-11-22T17:23:46.830292
FRAUD-01923,Market Vendor,Ariana,26,9347.0,1901.81,110.31,2,0.953,17574.0,informal,0.127,0.93,0,Fraud,0.0,Velocity fraud pattern: Multiple applications from different IDs with identical handwriting in ledgers. Same phone number across profiles.,1,2025-11-15T17:23:46.830301
FRAUD-01924,Taxi Driver,Tunis,21,11460.0,2156.61,260.6,3,0.967,16726.0,informal,0.145,0.943,0,Fraud,0.0,Income fabrication detected: Declared income 300% above sector average. Bank statement shows different account holder name.,1,2025-11-11T17:23:46.830311
FRAUD-01925,Taxi Driver,Tunis,20,8404.0,1861.5,199.87,3,0.989,14677.0,informal,0.962,0.954,0,Fraud,0.0,Income fabrication detected: Declared income 300% above sector average. Bank statement shows different account holder name.,1,2025-12-12T17:23:46.830321
FRAUD-01926,Electrician,Tunis,23,10498.0,3035.13,103.61,6,0.984,13739.0,informal,0.142,0.96,0,Fraud,0.0,Synthetic identity suspected: Perfect payment history with zero verifiable transaction trail. All documents uploaded within 24 hours.,1,2025-10-28T17:23:46.830330
FRAUD-01927,Street Food Vendor,Ben Arous,19,10648.0,2296.3,338.7,6,0.992,13918.0,informal,0.966,0.991,0,Fraud,0.0,Income fabrication detected: Declared income 300% above sector average. Bank statement shows different account holder name.,1,2026-01-04T17:23:46.830339
FRAUD-01928,Street Food Vendor,Tunis,24,10211.0,2381.96,112.69,2,0.953,10773.0,informal,0.191,0.93,0,Fraud,0.0,Document inconsistencies detected: ID name mismatch with uploaded invoices. Sequential invoice numbers across different claimed vendors.,1,2025-10-28T17:23:46.830349
FRAUD-01929,Freelance Designer,Nabeul,22,6177.0,1430.87,445.55,3,0.971,15250.0,informal,0.11,0.97,0,Fraud,0.0,Document inconsistencies detected: ID name mismatch with uploaded invoices. Sequential invoice numbers across different claimed vendors.,1,2025-11-16T17:23:46.830358
FRAUD-01930,Carpenter,Ben Arous,22,7295.0,2010.91,245.5,3,0.97,17370.0,informal,0.973,0.922,0,Fraud,0.0,Velocity fraud pattern: Multiple applications from different IDs with identical handwriting in ledgers. Same phone number across profiles.,1,2025-12-07T17:23:46.830381
FRAUD-01931,Electrician,Bizerte,23,8790.0,2237.28,305.8,3,0.998,15623.0,informal,0.968,0.947,0,Fraud,0.0,Synthetic identity suspected: Perfect payment history with zero verifiable transaction trail. All documents uploaded within 24 hours.,1,2025-12-14T17:23:46.830391
FRAUD-01932,Delivery Driver,Bizerte,20,10173.0,1652.57,448.79,3,0.976,14689.0,informal,0.112,0.99,0,Fraud,0.0,Velocity fraud pattern: Multiple applications from different IDs with identical handwriting in ledgers. Same phone number across profiles.,1,2025-10-28T17:23:46.830414
FRAUD-01933,Plumber,Ben Arous,21,8712.0,2475.37,305.13,1,0.97,11099.0,informal,0.955,0.945,0,Fraud,0.0,Velocity fraud pattern: Multiple applications from different IDs with identical handwriting in ledgers. Same phone number across profiles.,1,2025-11-23T17:23:46.830424
FRAUD-01934,Delivery Driver,Ariana,21,11584.0,2092.96,231.61,4,0.982,14293.0,informal,0.005,0.981,0,Fraud,0.0,Document inconsistencies detected: ID name mismatch with uploaded invoices. Sequential invoice numbers across different claimed vendors.,1,2025-12-17T17:23:46.830433
FRAUD-01935,Freelance Designer,Ben Arous,20,6411.0,1657.4,4.8,2,0.987,14681.0,informal,0.979,0.943,0,Fraud,0.0,Velocity fraud pattern: Multiple applications from different IDs with identical handwriting in ledgers. Same phone number across profiles.,1,2025-12-26T17:23:46.830443
FRAUD-01936,Mechanic,Tunis,20,6442.0,1736.65,176.79,5,0.995,12699.0,informal,0.114,0.949,0,Fraud,0.0,Velocity fraud pattern: Multiple applications from different IDs with identical handwriting in ledgers. Same phone number across profiles.,1,2026-01-21T17:23:46.830452
FRAUD-01937,Taxi Driver,Ariana,25,6260.0,1244.1,477.41,1,0.954,11424.0,informal,0.96,0.992,0,Fraud,0.0,Velocity fraud pattern: Multiple applications from different IDs with identical handwriting in ledgers. Same phone number across profiles.,1,2025-12-26T17:23:46.830462
FRAUD-01938,Artisan,Ben Arous,25,6755.0,1622.04,208.01,6,0.959,18959.0,informal,0.037,0.957,0,Fraud,0.0,Document inconsistencies detected: ID name mismatch with uploaded invoices. Sequential invoice numbers across different claimed vendors.,1,2026-01-10T17:23:46.830471
FRAUD-01939,Plumber,Tunis,20,10700.0,2740.94,280.24,2,0.952,15002.0,informal,0.033,0.943,0,Fraud,0.0,Document forgery indicators: Invoice templates match known fake document database. Metadata shows recent creation despite claimed historical dates.,1,2025-11-14T17:23:46.830481
FRAUD-01940,Mechanic,Sfax,24,8376.0,1635.86,338.05,2,0.959,11764.0,informal,0.174,0.986,0,Fraud,0.0,Synthetic identity suspected: Perfect payment history with zero verifiable transaction trail. All documents uploaded within 24 hours.,1,2026-01-16T17:23:46.830492
FRAUD-01941,Freelance Designer,Ben Arous,21,5770.0,1248.28,244.53,2,0.988,16532.0,informal,0.198,0.99,0,Fraud,0.0,Document inconsistencies detected: ID name mismatch with uploaded invoices. Sequential invoice numbers across different claimed vendors.,1,2025-11-24T17:23:46.830501
FRAUD-01942,Market Vendor,Gabes,26,5755.0,1397.07,56.01,3,0.952,10494.0,informal,0.144,0.985,0,Fraud,0.0,Velocity fraud pattern: Multiple applications from different IDs with identical handwriting in ledgers. Same phone number across profiles.,1,2025-12-24T17:23:46.830512
FRAUD-01943,Street Food Vendor,Ben Arous,26,5627.0,1060.21,226.89,4,0.967,18125.0,informal,0.958,0.986,0,Fraud,0.0,Synthetic identity suspected: Perfect payment history with zero verifiable transaction trail. All documents uploaded within 24 hours.,1,2026-01-05T17:23:46.830522
FRAUD-01944,Carpenter,Bizerte,26,5213.0,1435.07,157.73,6,0.975,10898.0,informal,0.178,0.926,0,Fraud,0.0,Document forgery indicators: Invoice templates match known fake document database. Metadata shows recent creation despite claimed historical dates.,1,2025-12-31T17:23:46.830531
FRAUD-01945,Electrician,Bizerte,19,8268.0,2318.74,457.0,1,0.967,16596.0,informal,0.998,0.969,0,Fraud,0.0,Document forgery indicators: Invoice templates match known fake document database. Metadata shows recent creation despite claimed historical dates.,1,2025-10-29T17:23:46.830541
FRAUD-01946,Freelance Designer,Sousse,20,5485.0,846.84,390.68,6,0.984,10145.0,informal,0.116,0.962,0,Fraud,0.0,Document inconsistencies detected: ID name mismatch with uploaded invoices. Sequential invoice numbers across different claimed vendors.,1,2025-12-20T17:23:46.830550
FRAUD-01947,Artisan,Bizerte,19,6771.0,1318.56,146.58,4,0.967,18043.0,informal,0.176,0.963,0,Fraud,0.0,Synthetic identity suspected: Perfect payment history with zero verifiable transaction trail. All documents uploaded within 24 hours.,1,2025-11-06T17:23:46.830560
FRAUD-01948,Freelance Designer,Nabeul,21,11887.0,2813.24,419.23,2,0.976,18875.0,informal,0.969,0.991,0,Fraud,0.0,Velocity fraud pattern: Multiple applications from different IDs with identical handwriting in ledgers. Same phone number across profiles.,1,2025-12-20T17:23:46.830569
FRAUD-01949,Tailor,Sfax,19,9719.0,2849.83,389.14,2,0.996,12704.0,informal,0.047,0.962,0,Fraud,0.0,Income fabrication detected: Declared income 300% above sector average. Bank statement shows different account holder name.,1,2025-11-15T17:23:46.830578
FRAUD-01950,Freelance Designer,Bizerte,19,6190.0,1813.22,219.49,1,0.963,14183.0,informal,0.971,0.939,0,Fraud,0.0,Income fabrication detected: Declared income 300% above sector average. Bank statement shows different account holder name.,1,2025-11-19T17:23:46.830588
FRAUD-01951,Delivery Driver,Nabeul,20,6891.0,1541.27,166.46,2,0.952,17493.0,informal,0.979,0.938,0,Fraud,0.0,Document inconsistencies detected: ID name mismatch with uploaded invoices. Sequential invoice numbers across different claimed vendors.,1,2025-12-04T17:23:46.830599
FRAUD-01952,Carpenter,Ariana,20,5039.0,1143.5,184.94,6,0.989,11302.0,informal,0.956,0.94,0,Fraud,0.0,Income fabrication detected: Declared income 300% above sector average. Bank statement shows different account holder name.,1,2025-12-28T17:23:46.830610
FRAUD-01953,Carpenter,Sfax,25,5968.0,986.49,44.66,1,0.993,11247.0,informal,0.122,0.99,0,Fraud,0.0,Velocity fraud pattern: Multiple applications from different IDs with identical handwriting in ledgers. Same phone number across profiles.,1,2025-12-13T17:23:46.830621
FRAUD-01954,Tailor,Ariana,22,6437.0,1681.52,249.92,4,0.975,13792.0,informal,0.018,0.94,0,Fraud,0.0,Velocity fraud pattern: Multiple applications from different IDs with identical handwriting in ledgers. Same phone number across profiles.,1,2025-12-30T17:23:46.830631
FRAUD-01955,Mechanic,Ariana,24,7300.0,2181.11,115.43,6,0.971,10145.0,informal,0.954,0.954,0,Fraud,0.0,Synthetic identity suspected: Perfect payment history with zero verifiable transaction trail. All documents uploaded within 24 hours.,1,2025-11-03T17:23:46.830641
FRAUD-01956,Plumber,Nabeul,26,8083.0,2182.24,371.87,3,0.984,17291.0,informal,0.161,0.975,0,Fraud,0.0,Velocity fraud pattern: Multiple applications from different IDs with identical handwriting in ledgers. Same phone number across profiles.,1,2025-11-17T17:23:46.830650
FRAUD-01957,Mechanic,Tunis,22,10168.0,2213.04,42.52,3,0.951,19397.0,informal,0.137,0.977,0,Fraud,0.0,Document inconsistencies detected: ID name mismatch with uploaded invoices. Sequential invoice numbers across different claimed vendors.,1,2025-11-16T17:23:46.830660
FRAUD-01958,Carpenter,Gabes,19,11477.0,2168.5,280.99,2,0.964,14126.0,informal,0.987,0.962,0,Fraud,0.0,Document inconsistencies detected: ID name mismatch with uploaded invoices. Sequential invoice numbers across different claimed vendors.,1,2025-11-26T17:23:46.830669
FRAUD-01959,Market Vendor,Bizerte,24,9672.0,1930.61,477.33,6,0.956,19730.0,informal,0.981,0.985,0,Fraud,0.0,Document forgery indicators: Invoice templates match known fake document database. Metadata shows recent creation despite claimed historical dates.,1,2025-12-01T17:23:46.830678
FRAUD-01960,Tailor,Ariana,24,11902.0,3026.64,3.88,4,0.957,18200.0,informal,0.002,0.947,0,Fraud,0.0,Income fabrication detected: Declared income 300% above sector average. Bank statement shows different account holder name.,1,2025-11-03T17:23:46.830688
FRAUD-01961,Freelance Designer,Ariana,24,10425.0,2788.41,408.06,5,0.959,11925.0,informal,0.142,0.945,0,Fraud,0.0,Velocity fraud pattern: Multiple applications from different IDs with identical handwriting in ledgers. Same phone number across profiles.,1,2025-12-01T17:23:46.830697
FRAUD-01962,Delivery Driver,Nabeul,20,11981.0,1880.15,62.72,4,0.951,11694.0,informal,0.964,0.964,0,Fraud,0.0,Income fabrication detected: Declared income 300% above sector average. Bank statement shows different account holder name.,1,2025-11-28T17:23:46.830708
FRAUD-01963,Carpenter,Gabes,20,7471.0,1747.58,156.69,6,0.996,14017.0,informal,0.07,0.943,0,Fraud,0.0,Synthetic identity suspected: Perfect payment history with zero verifiable transaction trail. All documents uploaded within 24 hours.,1,2025-11-04T17:23:46.830718
FRAUD-01964,Taxi Driver,Sousse,25,10840.0,2210.06,329.77,6,0.975,12042.0,informal,0.957,0.999,0,Fraud,0.0,Velocity fraud pattern: Multiple applications from different IDs with identical handwriting in ledgers. Same phone number across profiles.,1,2025-12-07T17:23:46.830727
FRAUD-01965,Mechanic,Nabeul,21,7798.0,1775.2,432.65,6,0.986,18596.0,informal,0.998,0.925,0,Fraud,0.0,Document inconsistencies detected: ID name mismatch with uploaded invoices. Sequential invoice numbers across different claimed vendors.,1,2026-01-15T17:23:46.830737
FRAUD-01966,Taxi Driver,Sfax,25,5623.0,1097.07,483.92,3,0.963,11338.0,informal,0.2,0.977,0,Fraud,0.0,Document forgery indicators: Invoice templates match known fake document database. Metadata shows recent creation despite claimed historical dates.,1,2026-01-17T17:23:46.830746
FRAUD-01967,Taxi Driver,Ben Arous,24,9009.0,1639.03,485.24,6,0.959,17911.0,informal,0.992,0.96,0,Fraud,0.0,Document inconsistencies detected: ID name mismatch with uploaded invoices. Sequential invoice numbers across different claimed vendors.,1,2025-11-27T17:23:46.830756
FRAUD-01968,Market Vendor,Nabeul,22,10181.0,1751.69,375.48,2,0.967,11417.0,informal,0.145,0.928,0,Fraud,0.0,Synthetic identity suspected: Perfect payment history with zero verifiable transaction trail. All documents uploaded within 24 hours.,1,2025-11-15T17:23:46.830765
FRAUD-01969,Plumber,Bizerte,25,5494.0,1330.51,180.29,4,0.986,17051.0,informal,0.144,0.932,0,Fraud,0.0,Velocity fraud pattern: Multiple applications from different IDs with identical handwriting in ledgers. Same phone number across profiles.,1,2025-11-12T17:23:46.830776
FRAUD-01970,Taxi Driver,Sfax,21,11209.0,3068.92,94.46,1,0.988,10227.0,informal,0.199,0.92,0,Fraud,0.0,Document inconsistencies detected: ID name mismatch with uploaded invoices. Sequential invoice numbers across different claimed vendors.,1,2025-11-28T17:23:46.830786
FRAUD-01971,Freelance Designer,Nabeul,25,9323.0,2281.59,112.4,6,0.985,19503.0,informal,0.007,0.955,0,Fraud,0.0,Document forgery indicators: Invoice templates match known fake document database. Metadata shows recent creation despite claimed historical dates.,1,2025-11-12T17:23:46.830796
FRAUD-01972,Freelance Designer,Ariana,25,6266.0,1571.88,466.93,4,0.986,16707.0,informal,0.035,0.963,0,Fraud,0.0,Velocity fraud pattern: Multiple applications from different IDs with identical handwriting in ledgers. Same phone number across profiles.,1,2025-11-25T17:23:46.830808
FRAUD-01973,Mechanic,Ariana,26,8617.0,1464.76,254.92,4,0.968,19798.0,informal,0.972,0.942,0,Fraud,0.0,Income fabrication detected: Declared income 300% above sector average. Bank statement shows different account holder name.,1,2025-11-22T17:23:46.830817
FRAUD-01974,Electrician,Ben Arous,21,7517.0,1503.98,198.6,2,0.953,12941.0,informal,0.198,0.955,0,Fraud,0.0,Income fabrication detected: Declared income 300% above sector average. Bank statement shows different account holder name.,1,2026-01-08T17:23:46.830827
FRAUD-01975,Mechanic,Ariana,19,8631.0,1582.94,376.74,5,0.996,17560.0,informal,0.164,0.981,0,Fraud,0.0,Synthetic identity suspected: Perfect payment history with zero verifiable transaction trail. All documents uploaded within 24 hours.,1,2025-12-07T17:23:46.830836
FRAUD-01976,Tailor,Sfax,23,6201.0,1532.23,62.57,4,0.97,12001.0,informal,0.142,0.958,0,Fraud,0.0,Velocity fraud pattern: Multiple applications from different IDs with identical handwriting in ledgers. Same phone number across profiles.,1,2026-01-17T17:23:46.830846
FRAUD-01977,Freelance Designer,Bizerte,25,6590.0,1122.94,266.4,2,0.961,12448.0,informal,0.071,0.941,0,Fraud,0.0,Synthetic identity suspected: Perfect payment history with zero verifiable transaction trail. All documents uploaded within 24 hours.,1,2025-11-26T17:23:46.830855
FRAUD-01978,Freelance Designer,Nabeul,22,7760.0,2038.07,412.28,1,0.952,17725.0,informal,0.147,0.985,0,Fraud,0.0,Document forgery indicators: Invoice templates match known fake document database. Metadata shows recent creation despite claimed historical dates.,1,2026-01-24T17:23:46.830864
FRAUD-01979,Delivery Driver,Ariana,19,7056.0,2048.65,95.54,2,0.987,13236.0,informal,0.177,0.921,0,Fraud,0.0,Document forgery indicators: Invoice templates match known fake document database. Metadata shows recent creation despite claimed historical dates.,1,2025-11-05T17:23:46.830873
FRAUD-01980,Artisan,Gabes,20,8265.0,2026.52,312.97,2,0.968,18969.0,informal,0.973,0.959,0,Fraud,0.0,Document forgery indicators: Invoice templates match known fake document database. Metadata shows recent creation despite claimed historical dates.,1,2026-01-12T17:23:46.830883
FRAUD-01981,Artisan,Ben Arous,25,8911.0,2605.77,147.9,5,0.951,16326.0,informal,0.968,0.998,0,Fraud,0.0,Synthetic identity suspected: Perfect payment history with zero verifiable transaction trail. All documents uploaded within 24 hours.,1,2025-10-28T17:23:46.830892
FRAUD-01982,Carpenter,Ben Arous,26,9418.0,2530.92,161.6,5,0.983,10493.0,informal,0.981,0.955,0,Fraud,0.0,Document forgery indicators: Invoice templates match known fake document database. Metadata shows recent creation despite claimed historical dates.,1,2025-12-30T17:23:46.830903
FRAUD-01983,Private Tutor,Ben Arous,22,10945.0,3220.38,228.41,6,0.99,19883.0,informal,0.182,0.923,0,Fraud,0.0,Synthetic identity suspected: Perfect payment history with zero verifiable transaction trail. All documents uploaded within 24 hours.,1,2025-10-30T17:23:46.830913
FRAUD-01984,Carpenter,Ben Arous,24,5774.0,1380.44,398.93,5,0.991,15659.0,informal,0.156,0.954,0,Fraud,0.0,Velocity fraud pattern: Multiple applications from different IDs with identical handwriting in ledgers. Same phone number across profiles.,1,2026-01-08T17:23:46.830922
FRAUD-01985,Market Vendor,Bizerte,25,11032.0,2729.35,111.58,6,0.984,17499.0,informal,0.06,0.923,0,Fraud,0.0,Document forgery indicators: Invoice templates match known fake document database. Metadata shows recent creation despite claimed historical dates.,1,2025-12-17T17:23:46.830931
FRAUD-01986,Electrician,Bizerte,20,9780.0,1992.74,155.21,6,0.95,13034.0,informal,0.171,0.962,0,Fraud,0.0,Velocity fraud pattern: Multiple applications from different IDs with identical handwriting in ledgers. Same phone number across profiles.,1,2026-01-11T17:23:46.830941
FRAUD-01987,Tailor,Bizerte,25,7416.0,1341.44,458.48,2,0.98,15518.0,informal,0.96,0.941,0,Fraud,0.0,Velocity fraud pattern: Multiple applications from different IDs with identical handwriting in ledgers. Same phone number across profiles.,1,2025-12-14T17:23:46.830953
FRAUD-01988,Private Tutor,Ben Arous,19,6625.0,1067.77,369.17,5,0.975,12451.0,informal,0.983,0.923,0,Fraud,0.0,Income fabrication detected: Declared income 300% above sector average. Bank statement shows different account holder name.,1,2025-12-29T17:23:46.830963
FRAUD-01989,Mechanic,Bizerte,26,7874.0,2050.19,473.54,2,0.986,12785.0,informal,0.996,0.986,0,Fraud,0.0,Document forgery indicators: Invoice templates match known fake document database. Metadata shows recent creation despite claimed historical dates.,1,2025-12-21T17:23:46.830972
FRAUD-01990,Freelance Designer,Sfax,20,5041.0,1358.76,215.4,1,0.98,18509.0,informal,0.986,0.944,0,Fraud,0.0,Synthetic identity suspected: Perfect payment history with zero verifiable transaction trail. All documents uploaded within 24 hours.,1,2025-12-29T17:23:46.830981
FRAUD-01991,Private Tutor,Ariana,22,11336.0,3007.66,315.05,6,0.973,15948.0,informal,0.974,0.949,0,Fraud,0.0,Document forgery indicators: Invoice templates match known fake document database. Metadata shows recent creation despite claimed historical dates.,1,2026-01-17T17:23:46.830991
FRAUD-01992,Mechanic,Tunis,23,5792.0,1666.76,53.72,6,0.983,19162.0,informal,0.057,0.949,0,Fraud,0.0,Income fabrication detected: Declared income 300% above sector average. Bank statement shows different account holder name.,1,2025-12-21T17:23:46.831002
FRAUD-01993,Private Tutor,Ariana,22,11494.0,2092.04,372.1,5,0.972,10933.0,informal,0.997,0.964,0,Fraud,0.0,Document forgery indicators: Invoice templates match known fake document database. Metadata shows recent creation despite claimed historical dates.,1,2026-01-08T17:23:46.831011
FRAUD-01994,Electrician,Tunis,20,8577.0,1730.11,370.08,5,0.96,14963.0,informal,0.089,0.963,0,Fraud,0.0,Velocity fraud pattern: Multiple applications from different IDs with identical handwriting in ledgers. Same phone number across profiles.,1,2025-11-29T17:23:46.831021
FRAUD-01995,Freelance Designer,Ariana,24,11712.0,2465.28,373.45,5,0.961,12584.0,informal,0.962,0.923,0,Fraud,0.0,Income fabrication detected: Declared income 300% above sector average. Bank statement shows different account holder name.,1,2025-12-20T17:23:46.831030
FRAUD-01996,Electrician,Sousse,22,7442.0,1980.91,88.4,3,0.963,15406.0,informal,0.991,0.952,0,Fraud,0.0,Document inconsistencies detected: ID name mismatch with uploaded invoices. Sequential invoice numbers across different claimed vendors.,1,2025-12-06T17:23:46.831039
FRAUD-01997,Freelance Designer,Nabeul,24,9472.0,1484.75,0.35,3,0.971,16998.0,informal,0.06,0.943,0,Fraud,0.0,Income fabrication detected: Declared income 300% above sector average. Bank statement shows different account holder name.,1,2025-11-24T17:23:46.831049
FRAUD-01998,Street Food Vendor,Nabeul,20,11018.0,3163.28,93.13,6,0.987,11328.0,informal,0.023,0.927,0,Fraud,0.0,Income fabrication detected: Declared income 300% above sector average. Bank statement shows different account holder name.,1,2025-11-12T17:23:46.831058
FRAUD-01999,Delivery Driver,Ben Arous,20,8348.0,2141.46,393.91,6,0.978,10694.0,informal,0.061,0.971,0,Fraud,0.0,Synthetic identity suspected: Perfect payment history with zero verifiable transaction trail. All documents uploaded within 24 hours.,1,2025-12-28T17:23:46.831067
